pricing_zone,slots,avg_util,avg_tariff,total_rev_base,total_rev_dyn,rev_gain_pct,slot_share_pct
discount,207555,0.17181877216227384,13.078659439666595,86214506.7597846,81206059.1312348,-5.8092864145295176,58.35441970310391
moderate,19897,0.6739610371342557,19.665586269286827,224420110.31957585,305525406.63042593,36.13994137840658,5.594073324336482
normal,124523,0.41271322834158797,16.126143764605736,529592855.4713738,585661399.5475761,10.587103563981701,35.009840305892936
surge,3705,0.8748353499688655,25.19241295546559,46864990.62948352,73794597.47307958,57.462098000835205,1.0416666666666665
